url,label,category,source
https://shortwa.cc/FzCPcRly/?regalos-de-navidad-amazon-2025.html,1,Brand Impersonation,openphish
https://lnkwp.cc/HYzwHybB/?regali-di-natale-amazon-2025.html,1,Brand Impersonation,openphish
https://walinkr.cc/FiWaWXqd/?regalos-de-navidad-amazon-2025.html,1,Brand Impersonation,openphish
https://waurl.cc/FnCnAlCO/?regalos-de-navidad-amazon-2025.html,1,Brand Impersonation,openphish
https://go2wa.cc/HJNSeQlv/?regali-di-natale-amazon-2025.html,1,Brand Impersonation,openphish
https://waurl.cc/FIdGuACV/?regalos-de-navidad-amazon-2025.html,1,Brand Impersonation,openphish
https://msgwa.cc/FxvQmOpL/?regalos-de-navidad-amazon-2025.html,1,Brand Impersonation,openphish
http://facebook.logininfo.in/,1,Brand Impersonation,openphish
https://wplink.cc/FLakiLfY/?regalos-de-navidad-amazon-2025.html,1,Brand Impersonation,openphish
https://esdgte2.pages.dev/gp/most-wished-for/amazon-devices/ref=zg_mw_nav_amazon-devices_0/,1,Brand Impersonation,openphish
https://8ujoo-4.pages.dev/amazon-fashion/b/?ie=UTF8&node=7141123011&ref_=nav_cs_fashion/,1,Brand Impersonation,openphish
https://wpclick.cc/FTDCgwwP/?regalos-de-navidad-amazon-2025.html,1,Brand Impersonation,openphish
https://wplink.cc/HCIaJHgl/?regali-di-natale-amazon-2025.html,1,Brand Impersonation,openphish
https://clickwa.cc/KWhqFhMb/?weihnachtsgeschenke-amazon-2025.html,1,Brand Impersonation,openphish
https://walinkr.cc/FXmEmsYO/?regalos-de-navidad-amazon-2025.html,1,Brand Impersonation,openphish
https://shortwa.cc/FpUwhVNz/?regalos-de-navidad-amazon-2025.html,1,Brand Impersonation,openphish
https://instagram-feedj79t.rollout.site/,1,Brand Impersonation,openphish
https://wpclick.cc/FkBcrAYN/?regalos-de-navidad-amazon-2025.html,1,Brand Impersonation,openphish
https://homeloans.wellsfargo.com.pagescdn.com/mortgage/al/,1,Brand Impersonation,openphish
https://wpclick.cc/FYeNFYTe/?regalos-de-navidad-amazon-2025.html,1,Brand Impersonation,openphish
https://krrish-dangi.github.io/NetFlix-Clone-Using-HTML-CSS-only/,1,Brand Impersonation,openphish
https://abbas99917.github.io/Netflix-landing-page/,1,Brand Impersonation,openphish
http://www.easybank-project-manan.vercel.app/,1,Financial/Banking,openphish
https://ipfs.io/ipfs/bafybeibscpr6fccaljtamoq5ivu4ahrv4wgm5jxvdb2mjhafbfbltudzne/Secure-php-Manual.html/,1,Financial/Banking,openphish
http://pub-ba357d95075c4d879b3d01b38b24ecc6.r2.dev/owa-webapp-outlook-update.html,1,Financial/Banking,openphish
http://pub-16499d352cc14fe4b8cdf064bb205547.r2.dev/4outmanagementsecure.html,1,Financial/Banking,openphish
https://2025rkt-sa.vip/login/,1,Credential Harvesting,openphish
https://rbfcu-star.azurewebsites.net/(S(wcjpd1didyxewcf1v5saytxe))/Main/Login/,1,Credential Harvesting,openphish
https://rbfcu-star.azurewebsites.net/(S(bn0zbewri5aujuqurlbbipvu))/Main/Login/,1,Credential Harvesting,openphish
https://rbfcu-star.azurewebsites.net/(S(1my3ena2s4x5jqeumdm05mzr))/Main/Login/,1,Credential Harvesting,openphish
https://serverdatauth.net/,1,Credential Harvesting,openphish
http://rbfcu-star.azurewebsites.net/(S(rqnqf4zuffcgyt44bu1kmlk0))/Main/Login,1,Credential Harvesting,openphish
https://rbfcu-star.azurewebsites.net/(S(rqnqf4zuffcgyt44bu1kmlk0))/Main/Login/,1,Credential Harvesting,openphish
https://rbfcu-star.azurewebsites.net/(S(kwntkfqtlecd3l1kjcjibs4s))/Main/Login/,1,Credential Harvesting,openphish
https://rbfcu-star.azurewebsites.net/(S(cwisnnpvdkqbmq3tcs2txy3j))/Main/Login/,1,Credential Harvesting,openphish
http://rbfcu-star.azurewebsites.net/(S(fm3zgv5e2qmsgqasntm1oguv))/Main/Login,1,Credential Harvesting,openphish
https://rbfcu-star.azurewebsites.net/(S(r5tinvtj3kdrtsap0r4vepdp))/Main/Login/,1,Credential Harvesting,openphish
http://rbfcu-star.azurewebsites.net/(S(np33zauj4bm41xw1c3mbslel))/Main/Login,1,Credential Harvesting,openphish
https://rbfcu-star.azurewebsites.net/(S(03xi4cgyur1ub4gavcbuvzwl))/Main/Login/,1,Credential Harvesting,openphish
https://rbfcu-star.azurewebsites.net/(S(40kvtckv3gz1scc2a3lgovms))/Main/Login/,1,Credential Harvesting,openphish
https://8ujoo-4.pages.dev/computer-pc-hardware-accessories-add-ons/b/?ie=UTF8&node=541966&ref_=nav_cs_pc/,1,Credential Harvesting,openphish
https://rbfcu-star.azurewebsites.net/(S(ull51ooinqjyrinogqnijd42))/Main/Login/,1,Credential Harvesting,openphish
https://rbfcu-star.azurewebsites.net/(S(oaqcpl2vt2kufkcosgm4af1n))/Main/Login/,1,Credential Harvesting,openphish
https://rbfcu-star.azurewebsites.net/(S(ckhxqly5lxku1imthd5jva24))/Main/Login/,1,Credential Harvesting,openphish
http://spotifylogin.vercel.app/,1,Credential Harvesting,openphish
http://www.merenciano.net/serviciodecorreo/login/,1,Credential Harvesting,openphish
http://www.busanopen.org/office/msgvoice/source/Login.php,1,Credential Harvesting,openphish
http://www.kanny.com.vn/wordpress/wp-content/particuliers/aces/particulier/loginform3ad6.php,1,Credential Harvesting,openphish
http://ledgor-lives-login-en.pages.dev/,1,Credential Harvesting,openphish
https://swisspost.bestellung-32952.cfd/,1,Suspicious TLDs,openphish
https://www.a56x.xyz/,1,Suspicious TLDs,openphish
https://channelhub.online/i830a91b36747446b6ta911bba0jbaa82a87.html/,1,Suspicious TLDs,openphish
https://channelhub.online/iae32631461eea4af5t862ad489jfb9597f3.html/,1,Suspicious TLDs,openphish
https://channelhub.online/i0fa1a4136e6af4acct8e25b0a3j3e56cff9.html/,1,Suspicious TLDs,openphish
https://channelhub.online/i38c567f36a2a24cc8ta7eef7ddj5fd3b2f6.html/,1,Suspicious TLDs,openphish
https://www.roblox.com.ml/users/2413082323/profile,1,Suspicious TLDs,openphish
https://channelhub.online/i8cbd8f3e6227e43cct82f0c247j4e0af278.html/,1,Suspicious TLDs,openphish
http://gifts-winters.cfd/id=5947221648,1,Suspicious TLDs,openphish
https://www.roblox.com.ml/users/7273192011/profile,1,Suspicious TLDs,openphish
http://www.robloxgiftcardnest.com/,1,Suspicious Keywords,openphish
https://g00gle.com/login,1,Typosquatting,generated
http://g00gle.com/signin,1,Typosquatting,generated
https://g00gle.com/account/verify,1,Typosquatting,generated
http://g00gle.com/secure/update,1,Typosquatting,generated
https://g00gle.com/auth/login,1,Typosquatting,generated
https://goog1e.com/login,1,Typosquatting,generated
http://goog1e.com/signin,1,Typosquatting,generated
https://goog1e.com/account/verify,1,Typosquatting,generated
http://goog1e.com/secure/update,1,Typosquatting,generated
https://goog1e.com/auth/login,1,Typosquatting,generated
https://micr0soft.com/login,1,Typosquatting,generated
http://micr0soft.com/signin,1,Typosquatting,generated
https://micr0soft.com/account/verify,1,Typosquatting,generated
http://micr0soft.com/secure/update,1,Typosquatting,generated
https://micr0soft.com/auth/login,1,Typosquatting,generated
https://faceb00k.com/login,1,Typosquatting,generated
http://faceb00k.com/signin,1,Typosquatting,generated
https://faceb00k.com/account/verify,1,Typosquatting,generated
http://faceb00k.com/secure/update,1,Typosquatting,generated
https://faceb00k.com/auth/login,1,Typosquatting,generated
https://amaz0n.com/login,1,Typosquatting,generated
http://amaz0n.com/signin,1,Typosquatting,generated
https://amaz0n.com/account/verify,1,Typosquatting,generated
http://amaz0n.com/secure/update,1,Typosquatting,generated
https://amaz0n.com/auth/login,1,Typosquatting,generated
https://paypai.com/login,1,Typosquatting,generated
http://paypai.com/signin,1,Typosquatting,generated
https://paypai.com/account/verify,1,Typosquatting,generated
http://paypai.com/secure/update,1,Typosquatting,generated
https://paypai.com/auth/login,1,Typosquatting,generated
https://appl3.com/login,1,Typosquatting,generated
http://appl3.com/signin,1,Typosquatting,generated
https://appl3.com/account/verify,1,Typosquatting,generated
http://appl3.com/secure/update,1,Typosquatting,generated
https://appl3.com/auth/login,1,Typosquatting,generated
https://netfIix.com/login,1,Typosquatting,generated
http://netfIix.com/signin,1,Typosquatting,generated
https://netfIix.com/account/verify,1,Typosquatting,generated
http://netfIix.com/secure/update,1,Typosquatting,generated
https://netfIix.com/auth/login,1,Typosquatting,generated
https://linkedln.com/login,1,Typosquatting,generated
http://linkedln.com/signin,1,Typosquatting,generated
https://linkedln.com/account/verify,1,Typosquatting,generated
http://linkedln.com/secure/update,1,Typosquatting,generated
https://linkedln.com/auth/login,1,Typosquatting,generated
https://twltter.com/login,1,Typosquatting,generated
http://twltter.com/signin,1,Typosquatting,generated
https://twltter.com/account/verify,1,Typosquatting,generated
http://twltter.com/secure/update,1,Typosquatting,generated
https://twltter.com/auth/login,1,Typosquatting,generated
